{"0": {"train_loss": 0.23045973852276802, "valid_loss": 0.034021783620119095}, "1": {"train_loss": 0.22800489887595177, "valid_loss": 0.03376361355185509}}