{"0": {"train_loss": 0.0980492353439331, "valid_loss": 0.08307269960641861}, "1": {"train_loss": 0.09526975005865097, "valid_loss": 0.07534626126289368}, "2": {"train_loss": 0.08002627193927765, "valid_loss": 0.05983388423919678}, "3": {"train_loss": 0.06076078191399574, "valid_loss": 0.045855239033699036}, "4": {"train_loss": 0.04831895157694817, "valid_loss": 0.041206322610378265}, "5": {"train_loss": 0.04033343344926834, "valid_loss": 0.03568397834897041}, "6": {"train_loss": 0.03667151778936386, "valid_loss": 0.033391181379556656}, "7": {"train_loss": 0.033860507607460025, "valid_loss": 0.030598821118474007}, "8": {"train_loss": 0.03164823688566685, "valid_loss": 0.028890984132885933}, "9": {"train_loss": 0.029828008636832236, "valid_loss": 0.02807212807238102}, "10": {"train_loss": 0.02857130952179432, "valid_loss": 0.027414165437221527}, "11": {"train_loss": 0.027733611315488814, "valid_loss": 0.026793820783495903}, "12": {"train_loss": 0.027173176035284997, "valid_loss": 0.026310499757528305}, "13": {"train_loss": 0.026913418248295785, "valid_loss": 0.026126651093363762}, "14": {"train_loss": 0.02667257972061634, "valid_loss": 0.025961698964238167}, "15": {"train_loss": 0.026512928679585455, "valid_loss": 0.025903167203068733}, "16": {"train_loss": 0.02642674669623375, "valid_loss": 0.02581218257546425}, "17": {"train_loss": 0.02634882815182209, "valid_loss": 0.02572888694703579}, "18": {"train_loss": 0.026282741874456405, "valid_loss": 0.025654293596744537}, "19": {"train_loss": 0.02622961439192295, "valid_loss": 0.025625668466091156}, "20": {"train_loss": 0.026188898459076883, "valid_loss": 0.02559632435441017}, "21": {"train_loss": 0.02615371160209179, "valid_loss": 0.02555985376238823}, "22": {"train_loss": 0.026119759678840636, "valid_loss": 0.025521859526634216}, "23": {"train_loss": 0.026084959134459497, "valid_loss": 0.025491803884506226}, "24": {"train_loss": 0.026047747954726218, "valid_loss": 0.025454089045524597}, "25": {"train_loss": 0.0260028850287199, "valid_loss": 0.025400396436452866}, "26": {"train_loss": 0.02594240866601467, "valid_loss": 0.025313712656497955}, "27": {"train_loss": 0.025850628316402436, "valid_loss": 0.025181883946061134}, "28": {"train_loss": 0.025708983093500136, "valid_loss": 0.024992190301418304}, "29": {"train_loss": 0.025505540519952775, "valid_loss": 0.024770168587565422}, "30": {"train_loss": 0.025278643891215324, "valid_loss": 0.024561632424592972}, "31": {"train_loss": 0.02510027661919594, "valid_loss": 0.024391956627368927}, "32": {"train_loss": 0.024926743283867837, "valid_loss": 0.024205489084124565}, "33": {"train_loss": 0.02471984215080738, "valid_loss": 0.023975031450390816}, "34": {"train_loss": 0.02449970692396164, "valid_loss": 0.023618053644895554}, "35": {"train_loss": 0.02415975108742714, "valid_loss": 0.0231378972530365}, "36": {"train_loss": 0.02376953847706318, "valid_loss": 0.022738372907042503}, "37": {"train_loss": 0.023423445597290992, "valid_loss": 0.022308984771370888}, "38": {"train_loss": 0.02305678464472294, "valid_loss": 0.021888449788093567}, "39": {"train_loss": 0.022693878412246703, "valid_loss": 0.02147206850349903}, "40": {"train_loss": 0.022301997244358062, "valid_loss": 0.02108163759112358}, "41": {"train_loss": 0.021841567382216452, "valid_loss": 0.020520390942692757}, "42": {"train_loss": 0.021232476457953453, "valid_loss": 0.019855884835124016}, "43": {"train_loss": 0.02066696956753731, "valid_loss": 0.01923629455268383}, "44": {"train_loss": 0.02019958831369877, "valid_loss": 0.01873645931482315}, "45": {"train_loss": 0.019785942137241365, "valid_loss": 0.0182987991720438}, "46": {"train_loss": 0.019445472583174705, "valid_loss": 0.01786315254867077}, "47": {"train_loss": 0.019150719046592712, "valid_loss": 0.017517726868391037}, "48": {"train_loss": 0.01885628029704094, "valid_loss": 0.017174014821648598}, "49": {"train_loss": 0.018604212254285813, "valid_loss": 0.016880149021744728}, "50": {"train_loss": 0.01842361204326153, "valid_loss": 0.016676124185323715}, "51": {"train_loss": 0.01825278699398041, "valid_loss": 0.016394447535276413}, "52": {"train_loss": 0.01802513413131237, "valid_loss": 0.016104113310575485}, "53": {"train_loss": 0.017790307477116584, "valid_loss": 0.015898369252681732}, "54": {"train_loss": 0.017632711678743362, "valid_loss": 0.015714697539806366}, "55": {"train_loss": 0.017526964470744134, "valid_loss": 0.015611342154443264}, "56": {"train_loss": 0.01744263805449009, "valid_loss": 0.015573636628687382}, "57": {"train_loss": 0.017349552363157272, "valid_loss": 0.01537731196731329}, "58": {"train_loss": 0.017258131876587868, "valid_loss": 0.015262037515640259}, "59": {"train_loss": 0.017220167443156242, "valid_loss": 0.015149780549108982}, "60": {"train_loss": 0.017155398800969123, "valid_loss": 0.015124921686947346}, "61": {"train_loss": 0.01718716844916344, "valid_loss": 0.015295660123229027}, "62": {"train_loss": 0.01709841638803482, "valid_loss": 0.015223928727209568}, "63": {"train_loss": 0.016988539323210716, "valid_loss": 0.014947733841836452}, "64": {"train_loss": 0.01693195253610611, "valid_loss": 0.0148542495444417}, "65": {"train_loss": 0.01679573245346546, "valid_loss": 0.014773217961192131}, "66": {"train_loss": 0.016752681136131285, "valid_loss": 0.014734509401023388}, "67": {"train_loss": 0.01666870191693306, "valid_loss": 0.014672495424747467}, "68": {"train_loss": 0.016581515222787856, "valid_loss": 0.01460325252264738}, "69": {"train_loss": 0.01651207134127617, "valid_loss": 0.014499017037451267}, "70": {"train_loss": 0.016420703753829, "valid_loss": 0.01441566925495863}, "71": {"train_loss": 0.016332850977778434, "valid_loss": 0.014304694719612598}, "72": {"train_loss": 0.016273541375994682, "valid_loss": 0.01425168663263321}, "73": {"train_loss": 0.016187263280153276, "valid_loss": 0.014169281348586082}, "74": {"train_loss": 0.016120278090238572, "valid_loss": 0.014084790833294392}, "75": {"train_loss": 0.016013065166771413, "valid_loss": 0.014021524228155613}, "76": {"train_loss": 0.01595108862966299, "valid_loss": 0.013960943557322025}, "77": {"train_loss": 0.015878964588046073, "valid_loss": 0.01393310260027647}, "78": {"train_loss": 0.01590308826416731, "valid_loss": 0.013884681276977062}, "79": {"train_loss": 0.015819455683231353, "valid_loss": 0.013871132396161556}, "80": {"train_loss": 0.015825833752751352, "valid_loss": 0.013872887007892132}, "81": {"train_loss": 0.015757244639098646, "valid_loss": 0.013978150673210621}, "82": {"train_loss": 0.015777096338570117, "valid_loss": 0.013857598416507244}, "83": {"train_loss": 0.015682270750403404, "valid_loss": 0.013766150921583176}, "84": {"train_loss": 0.015589731000363826, "valid_loss": 0.013753118924796581}, "85": {"train_loss": 0.015564742684364318, "valid_loss": 0.013710355386137962}, "86": {"train_loss": 0.015526756085455418, "valid_loss": 0.013667136430740356}, "87": {"train_loss": 0.015495440177619457, "valid_loss": 0.013695631176233292}, "88": {"train_loss": 0.015489037707448005, "valid_loss": 0.01368840504437685}, "89": {"train_loss": 0.015442449785768985, "valid_loss": 0.013683672063052654}, "90": {"train_loss": 0.015410861000418663, "valid_loss": 0.013543457724153996}, "91": {"train_loss": 0.015331596694886684, "valid_loss": 0.013488045893609524}, "92": {"train_loss": 0.015237530507147313, "valid_loss": 0.013417304493486881}, "93": {"train_loss": 0.015173722431063652, "valid_loss": 0.013386591337621212}, "94": {"train_loss": 0.015146247483789921, "valid_loss": 0.013285809196531773}, "95": {"train_loss": 0.015062839910387992, "valid_loss": 0.0132627347484231}, "96": {"train_loss": 0.015028778836131096, "valid_loss": 0.013302833773195744}, "97": {"train_loss": 0.014995149336755276, "valid_loss": 0.013176162727177143}, "98": {"train_loss": 0.015016269497573375, "valid_loss": 0.013218063861131668}, "99": {"train_loss": 0.01496324185281992, "valid_loss": 0.013178829103708267}}