{"0": {"train_loss": 0.04654102027416229, "valid_loss": 0.04829486832022667}, "1": {"train_loss": 0.04644417390227318, "valid_loss": 0.04820439964532852}, "2": {"train_loss": 0.04634813219308853, "valid_loss": 0.048114337027072906}, "3": {"train_loss": 0.04625224694609642, "valid_loss": 0.04802549630403519}, "4": {"train_loss": 0.046157438308000565, "valid_loss": 0.047936636954545975}, "5": {"train_loss": 0.046062421053647995, "valid_loss": 0.04784609377384186}, "6": {"train_loss": 0.045965470373630524, "valid_loss": 0.047752778977155685}, "7": {"train_loss": 0.045865241438150406, "valid_loss": 0.047652509063482285}, "8": {"train_loss": 0.0457572415471077, "valid_loss": 0.04753436893224716}, "9": {"train_loss": 0.04562996327877045, "valid_loss": 0.04737827554345131}, "10": {"train_loss": 0.04546183720231056, "valid_loss": 0.047150254249572754}, "11": {"train_loss": 0.04521942138671875, "valid_loss": 0.04682854562997818}, "12": {"train_loss": 0.04488139972090721, "valid_loss": 0.04647061228752136}, "13": {"train_loss": 0.0444917157292366, "valid_loss": 0.046387992799282074}, "14": {"train_loss": 0.04433515667915344, "valid_loss": 0.0462028943002224}, "15": {"train_loss": 0.04410337284207344, "valid_loss": 0.04575752466917038}, "16": {"train_loss": 0.043647680431604385, "valid_loss": 0.04536645486950874}, "17": {"train_loss": 0.04325670376420021, "valid_loss": 0.04504522308707237}, "18": {"train_loss": 0.04292311519384384, "valid_loss": 0.044668249785900116}, "19": {"train_loss": 0.04251054301857948, "valid_loss": 0.044219039380550385}, "20": {"train_loss": 0.04199614375829697, "valid_loss": 0.043754152953624725}, "21": {"train_loss": 0.041454609483480453, "valid_loss": 0.043086156249046326}, "22": {"train_loss": 0.040761712938547134, "valid_loss": 0.042023155838251114}, "23": {"train_loss": 0.03975400701165199, "valid_loss": 0.04073173180222511}, "24": {"train_loss": 0.03855705261230469, "valid_loss": 0.039102211594581604}, "25": {"train_loss": 0.037019722163677216, "valid_loss": 0.03729081526398659}, "26": {"train_loss": 0.0353173092007637, "valid_loss": 0.03624040633440018}, "27": {"train_loss": 0.03427700698375702, "valid_loss": 0.03639334812760353}, "28": {"train_loss": 0.03438965976238251, "valid_loss": 0.03711780160665512}, "29": {"train_loss": 0.034925658255815506, "valid_loss": 0.036791831254959106}, "30": {"train_loss": 0.0346626378595829, "valid_loss": 0.036820150911808014}, "31": {"train_loss": 0.034729424864053726, "valid_loss": 0.03641260787844658}, "32": {"train_loss": 0.03420521691441536, "valid_loss": 0.03628560155630112}, "33": {"train_loss": 0.034084610641002655, "valid_loss": 0.035642851144075394}, "34": {"train_loss": 0.03355071321129799, "valid_loss": 0.035553380846977234}, "35": {"train_loss": 0.033507902175188065, "valid_loss": 0.035294290632009506}, "36": {"train_loss": 0.03318837657570839, "valid_loss": 0.03554829955101013}, "37": {"train_loss": 0.033407192677259445, "valid_loss": 0.03534430265426636}, "38": {"train_loss": 0.03321748599410057, "valid_loss": 0.03547411039471626}, "39": {"train_loss": 0.03336971253156662, "valid_loss": 0.035372842103242874}, "40": {"train_loss": 0.03324456885457039, "valid_loss": 0.03531002625823021}, "41": {"train_loss": 0.03314659371972084, "valid_loss": 0.03525413200259209}, "42": {"train_loss": 0.0330708883702755, "valid_loss": 0.03503703325986862}, "43": {"train_loss": 0.032859861850738525, "valid_loss": 0.035007674247026443}, "44": {"train_loss": 0.03284507244825363, "valid_loss": 0.03488435596227646}, "45": {"train_loss": 0.032674867659807205, "valid_loss": 0.034981869161129}, "46": {"train_loss": 0.032714132219552994, "valid_loss": 0.03483281657099724}, "47": {"train_loss": 0.03258884325623512, "valid_loss": 0.034762803465127945}, "48": {"train_loss": 0.0325806587934494, "valid_loss": 0.03463686630129814}, "49": {"train_loss": 0.03244338557124138, "valid_loss": 0.034572165459394455}, "50": {"train_loss": 0.03232574090361595, "valid_loss": 0.034385547041893005}, "51": {"train_loss": 0.03216317668557167, "valid_loss": 0.03415444865822792}, "52": {"train_loss": 0.03201105445623398, "valid_loss": 0.033983029425144196}, "53": {"train_loss": 0.031860221177339554, "valid_loss": 0.03384188562631607}, "54": {"train_loss": 0.031683292239904404, "valid_loss": 0.033660124987363815}, "55": {"train_loss": 0.03151139244437218, "valid_loss": 0.033372633159160614}, "56": {"train_loss": 0.031285014003515244, "valid_loss": 0.03310729190707207}, "57": {"train_loss": 0.031038666144013405, "valid_loss": 0.03284882381558418}, "58": {"train_loss": 0.030746597796678543, "valid_loss": 0.03255198523402214}, "59": {"train_loss": 0.030461478978395462, "valid_loss": 0.032231029123067856}, "60": {"train_loss": 0.030201399698853493, "valid_loss": 0.031967487186193466}, "61": {"train_loss": 0.02993069775402546, "valid_loss": 0.031799763441085815}, "62": {"train_loss": 0.029742658138275146, "valid_loss": 0.03159300610423088}, "63": {"train_loss": 0.029594019055366516, "valid_loss": 0.031528618186712265}, "64": {"train_loss": 0.02953939698636532, "valid_loss": 0.031523264944553375}, "65": {"train_loss": 0.029513707384467125, "valid_loss": 0.03143656626343727}, "66": {"train_loss": 0.029454633593559265, "valid_loss": 0.031393248587846756}, "67": {"train_loss": 0.029421845450997353, "valid_loss": 0.03133638575673103}, "68": {"train_loss": 0.029348688200116158, "valid_loss": 0.031250566244125366}, "69": {"train_loss": 0.02926141396164894, "valid_loss": 0.03117811307311058}, "70": {"train_loss": 0.02919662743806839, "valid_loss": 0.031124122440814972}, "71": {"train_loss": 0.02912163734436035, "valid_loss": 0.031081270426511765}, "72": {"train_loss": 0.029052894562482834, "valid_loss": 0.03102080151438713}, "73": {"train_loss": 0.02898608148097992, "valid_loss": 0.030964093282818794}, "74": {"train_loss": 0.028910553082823753, "valid_loss": 0.03089827299118042}, "75": {"train_loss": 0.028830211609601974, "valid_loss": 0.030798127874732018}, "76": {"train_loss": 0.028744859620928764, "valid_loss": 0.030713440850377083}, "77": {"train_loss": 0.028653066605329514, "valid_loss": 0.030618175864219666}, "78": {"train_loss": 0.02855968102812767, "valid_loss": 0.030510470271110535}, "79": {"train_loss": 0.028471140190958977, "valid_loss": 0.030430784448981285}, "80": {"train_loss": 0.028390703722834587, "valid_loss": 0.03031996451318264}, "81": {"train_loss": 0.028306012973189354, "valid_loss": 0.03022952750325203}, "82": {"train_loss": 0.028210582211613655, "valid_loss": 0.030109837651252747}, "83": {"train_loss": 0.02811291068792343, "valid_loss": 0.03000645339488983}, "84": {"train_loss": 0.028006721287965775, "valid_loss": 0.029891904443502426}, "85": {"train_loss": 0.027897434309124947, "valid_loss": 0.029781777411699295}, "86": {"train_loss": 0.02779441326856613, "valid_loss": 0.02969442680478096}, "87": {"train_loss": 0.02769451215863228, "valid_loss": 0.029574595391750336}, "88": {"train_loss": 0.02759736031293869, "valid_loss": 0.029506633058190346}, "89": {"train_loss": 0.027500931173563004, "valid_loss": 0.02936689369380474}, "90": {"train_loss": 0.02741227298974991, "valid_loss": 0.029322415590286255}, "91": {"train_loss": 0.027316872030496597, "valid_loss": 0.029148532077670097}, "92": {"train_loss": 0.027245717123150826, "valid_loss": 0.029090682044625282}, "93": {"train_loss": 0.0271049402654171, "valid_loss": 0.02882191725075245}, "94": {"train_loss": 0.026963982731103897, "valid_loss": 0.02865566313266754}, "95": {"train_loss": 0.026739830151200294, "valid_loss": 0.02840951271355152}, "96": {"train_loss": 0.02654932625591755, "valid_loss": 0.028211237862706184}, "97": {"train_loss": 0.02639942802488804, "valid_loss": 0.028108883649110794}, "98": {"train_loss": 0.026253774762153625, "valid_loss": 0.027851976454257965}, "99": {"train_loss": 0.026104770600795746, "valid_loss": 0.027706773951649666}, "miscInfo": {"trainTime": 4.2089436933333335, "preprocessing": {"blur": false, "quantize": false},