{"0": {"train_loss": 0.8213872909545898, "valid_loss": 0.0}, "1": {"train_loss": 0.8204206466674805, "valid_loss": 0.0}, "2": {"train_loss": 0.8201786875724792, "valid_loss": 0.0}, "3": {"train_loss": 0.8199385523796081, "valid_loss": 0.0}, "4": {"train_loss": 0.8196300506591797, "valid_loss": 0.0}, "miscInfo": {"trainTime": 4.580393769433333, "preprocessing": {"blur": false, "quantize": false}, "modelName": "newarch_test.pt", "trainDate": "2022-01-16 23:56:04", "batchSize": 1024, "color": "RGB", "lossFunc": "ssim"}}