{"0": {"train_loss": 0.014958900489528484, "valid_loss": 0.0}, "1": {"train_loss": 0.010708725983391537, "valid_loss": 0.0}, "2": {"train_loss": 0.00974059518204056, "valid_loss": 0.0}, "3": {"train_loss": 0.00890719127368267, "valid_loss": 0.0}, "4": {"train_loss": 0.010538775753720888, "valid_loss": 0.0}, "5": {"train_loss": 0.00927516129293425, "valid_loss": 0.0}, "6": {"train_loss": 0.009031925225214663, "valid_loss": 0.0}, "7": {"train_loss": 0.007813558617511826, "valid_loss": 0.0}, "8": {"train_loss": 0.008155795406740034, "valid_loss": 0.0}, "9": {"train_loss": 0.0074134528905362785, "valid_loss": 0.0}, "10": {"train_loss": 0.007576715249424188, "valid_loss": 0.0}, "11": {"train_loss": 0.007217705100021851, "valid_loss": 0.0}, "12": {"train_loss": 0.008963619707469781, "valid_loss": 0.0}, "13": {"train_loss": 0.007305516021715736, "valid_loss": 0.0}, "14": {"train_loss": 0.00799021984471797, "valid_loss": 0.0}, "15": {"train_loss": 0.011907981394385831, "valid_loss": 0.0}, "16": {"train_loss": 0.009103176177451502, "valid_loss": 0.0}, "17": {"train_loss": 0.007489148587944324, "valid_loss": 0.0}, "18": {"train_loss": 0.00755005593121916, "valid_loss": 0.0}, "19": {"train_loss": 0.006815506923642592, "valid_loss": 0.0}, "20": {"train_loss": 0.007440960322799708, "valid_loss": 0.0}, "21": {"train_loss": 0.006808887207176805, "valid_loss": 0.0}, "22": {"train_loss": 0.007796083064667998, "valid_loss": 0.0}, "23": {"train_loss": 0.007496551745563012, "valid_loss": 0.0}, "24": {"train_loss": 0.0066800169042771545, "valid_loss": 0.0}, "25": {"train_loss": 0.007583793188054082, "valid_loss": 0.0}, "26": {"train_loss": 0.012788991278498998, "valid_loss": 0.0}, "27": {"train_loss": 0.012879015593044787, "valid_loss": 0.0}, "28": {"train_loss": 0.011503302186125192, "valid_loss": 0.0}, "29": {"train_loss": 0.0096237642464665, "valid_loss": 0.0}, "30": {"train_loss": 0.009108700930273491, "valid_loss": 0.0}, "31": {"train_loss": 0.010464184284079263, "valid_loss": 0.0}, "32": {"train_loss": 0.009203622743703411, "valid_loss": 0.0}, "33": {"train_loss": 0.008127119357784415, "valid_loss": 0.0}, "34": {"train_loss": 0.007496419605784288, "valid_loss": 0.0}, "35": {"train_loss": 0.008878223974460668, "valid_loss": 0.0}, "36": {"train_loss": 0.007175368488469998, "valid_loss": 0.0}, "37": {"train_loss": 0.006820469700219028, "valid_loss": 0.0}, "38": {"train_loss": 0.009993783673778936, "valid_loss": 0.0}, "39": {"train_loss": 0.010072856486786439, "valid_loss": 0.0}, "40": {"train_loss": 0.009337192343184577, "valid_loss": 0.0}, "41": {"train_loss": 0.007817770955963012, "valid_loss": 0.0}, "42": {"train_loss": 0.008173258230417495, "valid_loss": 0.0}, "43": {"train_loss": 0.010481727013269502, "valid_loss": 0.0}, "44": {"train_loss": 0.00866637301266272, "valid_loss": 0.0}, "45": {"train_loss": 0.008645637280852755, "valid_loss": 0.0}, "46": {"train_loss": 0.006757253425781777, "valid_loss": 0.0}, "47": {"train_loss": 0.006454848834135044, "valid_loss": 0.0}, "48": {"train_loss": 0.010017404754225473, "valid_loss": 0.0}, "49": {"train_loss": 0.009533501336570365, "valid_loss": 0.0}, "50": {"train_loss": 0.008623596522236907, "valid_loss": 0.0}, "51": {"train_loss": 0.010057886738349767, "valid_loss": 0.0}, "52": {"train_loss": 0.008279520767022363, "valid_loss": 0.0}, "53": {"train_loss": 0.009932054403959814, "valid_loss": 0.0}, "54": {"train_loss": 0.007623845965049912, "valid_loss": 0.0}, "55": {"train_loss": 0.010958958886112029, "valid_loss": 0.0}, "56": {"train_loss": 0.008987318798866915, "valid_loss": 0.0}, "57": {"train_loss": 0.00788992461592928, "valid_loss": 0.0}, "58": {"train_loss": 0.007410145679780124, "valid_loss": 0.0}, "59": {"train_loss": 0.011549962379254387, "valid_loss": 0.0}, "60": {"train_loss": 0.011072237218070533, "valid_loss": 0.0}, "61": {"train_loss": 0.008382029097317759, "valid_loss": 0.0}, "62": {"train_loss": 0.007709090654396162, "valid_loss": 0.0}, "63": {"train_loss": 0.007823402529356507, "valid_loss": 0.0}, "64": {"train_loss": 0.006913519938278334, "valid_loss": 0.0}, "65": {"train_loss": 0.008509036877825987, "valid_loss": 0.0}, "66": {"train_loss": 0.007272554587684114, "valid_loss": 0.0}, "67": {"train_loss": 0.010121266658766512, "valid_loss": 0.0}, "68": {"train_loss": 0.009813396718438144, "valid_loss": 0.0}, "69": {"train_loss": 0.007440426647957735, "valid_loss": 0.0}, "70": {"train_loss": 0.007263649678142555, "valid_loss": 0.0}, "71": {"train_loss": 0.00943210005010552, "valid_loss": 0.0}, "72": {"train_loss": 0.00829757450014248, "valid_loss": 0.0}, "73": {"train_loss": 0.007127191232245657, "valid_loss": 0.0}, "74": {"train_loss": 0.009325302715833922, "valid_loss": 0.0}, "75": {"train_loss": 0.006935047236989745, "valid_loss": 0.0}, "76": {"train_loss": 0.006823857972048131, "valid_loss": 0.0}, "77": {"train_loss": 0.0072884046323662905, "valid_loss": 0.0}, "78": {"train_loss": 0.007081130095585683, "valid_loss": 0.0}, "79": {"train_loss": 0.007486700864348344, "valid_loss": 0.0}, "80": {"train_loss": 0.006619948237440393, "valid_loss": 0.0}, "81": {"train_loss": 0.006570373145414939, "valid_loss": 0.0}, "82": {"train_loss": 0.007245318948574404, "valid_loss": 0.0}, "83": {"train_loss": 0.006402437206888031, "valid_loss": 0.0}, "84": {"train_loss": 0.008490055875594094, "valid_loss": 0.0}, "85": {"train_loss": 0.007766296454461419, "valid_loss": 0.0}, "86": {"train_loss": 0.008483390564423035, "valid_loss": 0.0}, "87": {"train_loss": 0.007982315492336696, "valid_loss": 0.0}, "88": {"train_loss": 0.008266201809127217, "valid_loss": 0.0}, "89": {"train_loss": 0.012286497245629455, "valid_loss": 0.0}, "90": {"train_loss": 0.010484871227025776, "valid_loss": 0.0}, "91": {"train_loss": 0.008973174349540723, "valid_loss": 0.0}, "92": {"train_loss": 0.00881243867861837, "valid_loss": 0.0}, "93": {"train_loss": 0.009762486476477346, "valid_loss": 0.0}, "94": {"train_loss": 0.008672385190913097, "valid_loss": 0.0}, "95": {"train_loss": 0.008063695918087747, "valid_loss": 0.0}, "96": {"train_loss": 0.008542263668410231, "valid_loss": 0.0}, "97": {"train_loss": 0.0078845446133865, "valid_loss": 0.0}, "98": {"train_loss": 0.00720482534174079, "valid_loss": 0.0}, "99": {"train_loss": 0.007413427757102544, "valid_loss": 0.0}, "100": {"train_loss": 0.008046497283945341, "valid_loss": 0.0}, "101": {"train_loss": 0.0068554776804177955, "valid_loss": 0.0}, "102": {"train_loss": 0.008964644665608873, "valid_loss": 0.0}, "103": {"train_loss": 0.006907548132616051, "valid_loss": 0.0}, "104": {"train_loss": 0.00854403625843107, "valid_loss": 0.0}, "105": {"train_loss": 0.006761653940496158, "valid_loss": 0.0}, "106": {"train_loss": 0.007225794579362356, "valid_loss": 0.0}, "107": {"train_loss": 0.008065582631132934, "valid_loss": 0.0}, "108": {"train_loss": 0.010696266869472597, "valid_loss": 0.0}, "109": {"train_loss": 0.008936590405413471, "valid_loss": 0.0}, "110": {"train_loss": 0.0072313007556543615, "valid_loss": 0.0}, "111": {"train_loss": 0.006662275361450412, "valid_loss": 0.0}, "112": {"train_loss": 0.006899946081977475, "valid_loss": 0.0}, "113": {"train_loss": 0.006875805183590401, "valid_loss": 0.0}, "114": {"train_loss": 0.006803575340946498, "valid_loss": 0.0}, "115": {"train_loss": 0.006446347963097644, "valid_loss": 0.0}, "116": {"train_loss": 0.008984245291971626, "valid_loss": 0.0}, "117": {"train_loss": 0.006464281873139168, "valid_loss": 0.0}, "118": {"train_loss": 0.007822302333774907, "valid_loss": 0.0}, "119": {"train_loss": 0.007588102250656208, "valid_loss": 0.0}, "120": {"train_loss": 0.006345164468626513, "valid_loss": 0.0}, "121": {"train_loss": 0.006897808591915402, "valid_loss": 0.0}, "122": {"train_loss": 0.0063845780146142925, "valid_loss": 0.0}, "123": {"train_loss": 0.006586180735536588, "valid_loss": 0.0}, "124": {"train_loss": 0.007395359583572208, "valid_loss": 0.0}, "miscInfo": {"trainTime": 1990.7059147133336, "preprocessing": {"blur": false, "quantize": false},