{"0": {"train_loss": 0.04532450245802894, "valid_loss": 0.0}, "1": {"train_loss": 0.0053898862713728755, "valid_loss": 0.0}, "2": {"train_loss": 0.0034376009819371734, "valid_loss": 0.0}, "3": {"train_loss": 0.0029609319685465272, "valid_loss": 0.0}, "miscInfo": {"trainTime": 43.1952537097, "preprocessing": {"blur": false, "quantize": false}, "modelName": "testmodel_rgb.pt", "trainDate": "2022-01-13 12:21:45", "batchSize": 1024, "color": "RGB", "lossFunc": "mse"}, "5": {"train_loss": 0.002333493471857818, "valid_loss": 0.0}, "6": {"train_loss": 0.002333493471857818, "valid_loss": 0.0}, "7": {"train_loss": 0.002333493471857818, "valid_loss": 0.0}, "8": {"train_loss": 0.002333493471857818, "valid_loss": 0.0}, "9": {"train_loss": 0.002333493471857818, "valid_loss": 0.0}, "10": {"train_loss": 0.002333493471857818, "valid_loss": 0.0}, "11": {"train_loss": 0.002333493471857818, "valid_loss": 0.0}, "12": {"train_loss": 0.002333493471857818, "valid_loss": 0.0}, "13": {"train_loss": 0.002333493471857818, "valid_loss": 0.0}, "14": {"train_loss": 0.002333493471857818, "valid_loss": 0.0}, "15": {"train_loss": 0.002333493471857818, "valid_loss": 0.0}, "16": {"train_loss": 0.002333493471857818, "valid_loss": 0.0}}