{"0": {"train_loss": 0.022452808573449914, "valid_loss": 0.0}, "1": {"train_loss": 0.01449631625100186, "valid_loss": 0.0}, "2": {"train_loss": 0.013576162341786059, "valid_loss": 0.0}, "3": {"train_loss": 0.012521472605958319, "valid_loss": 0.0}, "4": {"train_loss": 0.012301628703349514, "valid_loss": 0.0}, "5": {"train_loss": 0.011549287616160878, "valid_loss": 0.0}, "6": {"train_loss": 0.011131865142338108, "valid_loss": 0.0}, "7": {"train_loss": 0.010546449421529184, "valid_loss": 0.0}, "8": {"train_loss": 0.011646514180067338, "valid_loss": 0.0}, "9": {"train_loss": 0.010324372730234213, "valid_loss": 0.0}, "miscInfo": {"trainTime": 30.128344263333336, "preprocessing": {"blur": false, "quantize": false}, "modelName": "testmodel_rgb.pt", "trainDate": "2022-01-09 20:03:16", "batchSize": 1024, "color": "RGB"}}