{"0": {"train_loss": 0.7355199592155323, "valid_loss": 0.0}, "1": {"train_loss": 0.6460719936772397, "valid_loss": 0.0}, "2": {"train_loss": 0.5603503064105385, "valid_loss": 0.0}, "3": {"train_loss": 0.5343434929847717, "valid_loss": 0.0}, "4": {"train_loss": 0.5250185040005466, "valid_loss": 0.0}, "5": {"train_loss": 0.5187044449019851, "valid_loss": 0.0}, "6": {"train_loss": 0.5137490638515405, "valid_loss": 0.0}, "7": {"train_loss": 0.5101038177808126, "valid_loss": 0.0}, "8": {"train_loss": 0.5068346287074842, "valid_loss": 0.0}, "9": {"train_loss": 0.5037119501515439, "valid_loss": 0.0}, "miscInfo": {"trainTime": 349.21249034666664, "preprocessing": {"blur": false, "quantize": false}, "modelName": "rgb_100epochs_chino.pt", "trainDate": "2022-01-14 21:02:27", "batchSize": 1024, "color": "RGB", "lossFunc": "ssim"}, "10": {"train_loss": 0.5006611924422415, "valid_loss": 0.0}, "11": {"train_loss": 0.4973840832710266, "valid_loss": 0.0}, "12": {"train_loss": 0.4939498234213444, "valid_loss": 0.0}, "13": {"train_loss": 0.4903241858147738, "valid_loss": 0.0}, "14": {"train_loss": 0.48665909599839596, "valid_loss": 0.0}, "15": {"train_loss": 0.4828619250080042, "valid_loss": 0.0}, "16": {"train_loss": 0.47900388052589016, "valid_loss": 0.0}, "17": {"train_loss": 0.47543492191716247, "valid_loss": 0.0}, "18": {"train_loss": 0.47126643678598235, "valid_loss": 0.0}, "19": {"train_loss": 0.4676854104326482, "valid_loss": 0.0}, "20": {"train_loss": 0.46492307039729336, "valid_loss": 0.0}, "21": {"train_loss": 0.46257672958206714, "valid_loss": 0.0}, "22": {"train_loss": 0.4608242097653841, "valid_loss": 0.0}, "23": {"train_loss": 0.45918911695480347, "valid_loss": 0.0}, "24": {"train_loss": 0.4580132804418865, "valid_loss": 0.0}, "25": {"train_loss": 0.45668371602108604, "valid_loss": 0.0}, "26": {"train_loss": 0.4556356473972923, "valid_loss": 0.0}, "27": {"train_loss": 0.45456440846125284, "valid_loss": 0.0}, "28": {"train_loss": 0.4534502071246766, "valid_loss": 0.0}, "29": {"train_loss": 0.4529792806558442, "valid_loss": 0.0}, "30": {"train_loss": 0.45150840826201855, "valid_loss": 0.0}, "31": {"train_loss": 0.4506622787107501, "valid_loss": 0.0}, "32": {"train_loss": 0.4491013340782701, "valid_loss": 0.0}, "33": {"train_loss": 0.4477699281876547, "valid_loss": 0.0}, "34": {"train_loss": 0.4465068018227293, "valid_loss": 0.0}, "35": {"train_loss": 0.4451758121189318, "valid_loss": 0.0}, "36": {"train_loss": 0.4440679207182767, "valid_loss": 0.0}, "37": {"train_loss": 0.4422805671106305, "valid_loss": 0.0}, "38": {"train_loss": 0.4409296991532309, "valid_loss": 0.0}, "39": {"train_loss": 0.4397575229929205, "valid_loss": 0.0}, "40": {"train_loss": 0.4384191596717165, "valid_loss": 0.0}, "41": {"train_loss": 0.4372179485203927, "valid_loss": 0.0}, "42": {"train_loss": 0.4363452277685467, "valid_loss": 0.0}, "43": {"train_loss": 0.4351800307892916, "valid_loss": 0.0}, "44": {"train_loss": 0.4341621951053017, "valid_loss": 0.0}, "45": {"train_loss": 0.4329692464125784, "valid_loss": 0.0}, "46": {"train_loss": 0.4322114524088408, "valid_loss": 0.0}, "47": {"train_loss": 0.4313410604209231, "valid_loss": 0.0}, "48": {"train_loss": 0.43007172157889917, "valid_loss": 0.0}, "49": {"train_loss": 0.4290726889643753, "valid_loss": 0.0}, "50": {"train_loss": 0.4280533054418731, "valid_loss": 0.0}, "51": {"train_loss": 0.4274705669336152, "valid_loss": 0.0}, "52": {"train_loss": 0.42644293872933636, "valid_loss": 0.0}, "53": {"train_loss": 0.42541387248457524, "valid_loss": 0.0}, "54": {"train_loss": 0.42448569954487314, "valid_loss": 0.0}, "55": {"train_loss": 0.4239591510672318, "valid_loss": 0.0}, "56": {"train_loss": 0.42304999159093487, "valid_loss": 0.0}, "57": {"train_loss": 0.42271083321487696, "valid_loss": 0.0}, "58": {"train_loss": 0.42185885132404793, "valid_loss": 0.0}, "59": {"train_loss": 0.4216308631395039, "valid_loss": 0.0}, "60": {"train_loss": 0.4207773476316218, "valid_loss": 0.0}, "61": {"train_loss": 0.42033760296671013, "valid_loss": 0.0}, "62": {"train_loss": 0.4201168058211343, "valid_loss": 0.0}, "63": {"train_loss": 0.41923012775287294, "valid_loss": 0.0}, "64": {"train_loss": 0.41864964522813497, "valid_loss": 0.0}, "65": {"train_loss": 0.4183939917045727, "valid_loss": 0.0}, "66": {"train_loss": 0.4183383699049029, "valid_loss": 0.0}, "67": {"train_loss": 0.4174273957285965, "valid_loss": 0.0}, "68": {"train_loss": 0.4173643120548181, "valid_loss": 0.0}, "69": {"train_loss": 0.41721709924831724, "valid_loss": 0.0}, "70": {"train_loss": 0.41644536507757085, "valid_loss": 0.0}, "71": {"train_loss": 0.4165968275906747, "valid_loss": 0.0}, "72": {"train_loss": 0.4158574102217691, "valid_loss": 0.0}, "73": {"train_loss": 0.4156240356595893, "valid_loss": 0.0}, "74": {"train_loss": 0.41571969149405497, "valid_loss": 0.0}, "75": {"train_loss": 0.4157943194372612, "valid_loss": 0.0}, "76": {"train_loss": 0.4146969278653463, "valid_loss": 0.0}, "77": {"train_loss": 0.4149496971515187, "valid_loss": 0.0}, "78": {"train_loss": 0.4142477215382091, "valid_loss": 0.0}, "79": {"train_loss": 0.4144060402585749, "valid_loss": 0.0}, "80": {"train_loss": 0.41384559221435013, "valid_loss": 0.0}, "81": {"train_loss": 0.41366285336645026, "valid_loss": 0.0}, "82": {"train_loss": 0.41371177539490817, "valid_loss": 0.0}, "83": {"train_loss": 0.4137978890485931, "valid_loss": 0.0}, "84": {"train_loss": 0.4134057933824104, "valid_loss": 0.0}, "85": {"train_loss": 0.41263263413780615, "valid_loss": 0.0}, "86": {"train_loss": 0.41298871897814565, "valid_loss": 0.0}, "87": {"train_loss": 0.4125869100553948, "valid_loss": 0.0}, "88": {"train_loss": 0.4121443129422372, "valid_loss": 0.0}, "89": {"train_loss": 0.41216472784678143, "valid_loss": 0.0}, "90": {"train_loss": 0.4118636294415123, "valid_loss": 0.0}, "91": {"train_loss": 0.41138505601046377, "valid_loss": 0.0}, "92": {"train_loss": 0.4109666086079782, "valid_loss": 0.0}, "93": {"train_loss": 0.4110281134906568, "valid_loss": 0.0}, "94": {"train_loss": 0.41064836686117606, "valid_loss": 0.0}, "95": {"train_loss": 0.4106601648163377, "valid_loss": 0.0}, "96": {"train_loss": 0.41062263501317875, "valid_loss": 0.0}, "97": {"train_loss": 0.4106262349245841, "valid_loss": 0.0}, "98": {"train_loss": 0.40974563820320264, "valid_loss": 0.0}, "99": {"train_loss": 0.4096922884907639, "valid_loss": 0.0}}